class,value,distance,special
B,2024.01,2585,FALSE
B,1931.33,2106,FALSE
A,1709.99,3280,FALSE
B,3406.64,2082,FALSE
B,1189.01,2464,FALSE
A,1468.45,2234,FALSE
A,1355.33,3141,FALSE
A,1649.94,1786,TRUE
C,2037.55,3375,FALSE
B,1874.2,3595,FALSE
A,1249.67,1352,FALSE
A,3369.01,509,TRUE
B,5141.13,1960,FALSE
A,2077.57,3985,FALSE
B,1468.45,3235,FALSE
C,1360.52,1496,FALSE
A,4521.01,329,FALSE
A,1549.53,2800,FALSE
B,5162.43,3264,FALSE
B,5228.76,2488,FALSE
A,1388.95,2687,FALSE
A,1050.18,894,FALSE
A,1867.74,2783,FALSE
C,1020.18,496,FALSE
B,1570.13,3142,FALSE
A,868.91,999,FALSE
A,1277.93,449,FALSE
B,1650.22,2581,FALSE
A,5937.52,3352,FALSE
B,1230.96,587,FALSE
A,1604.67,3547,FALSE
A,1032.45,822,FALSE
A,1364.45,2274,FALSE
B,1449.52,1591,FALSE
C,1111.53,492,FALSE
A,1202.12,922,FALSE
A,3496.29,1444,FALSE
C,995.61,1232,FALSE
B,1619.03,2870,FALSE
C,2006.7,1790,FALSE
B,1796.32,3587,FALSE
A,1882.36,2515,TRUE
C,1685.06,2062,FALSE
B,1081.98,976,FALSE
B,684.4,703,FALSE
C,1700.32,2413,FALSE
A,5744.31,903,TRUE
B,1014.06,497,FALSE
C,1845.13,3148,FALSE
A,1799.36,3655,FALSE
A,1286.62,2695,FALSE
B,1367.39,2524,FALSE
B,1367.55,2456,FALSE
B,1869.74,3940,FALSE
B,1108.41,1239,FALSE
C,1487.87,1364,FALSE
B,1393.73,2984,FALSE
B,5673.98,972,FALSE
A,1490.56,3221,TRUE
A,1442.27,3138,FALSE
A,1510.1,574,FALSE
A,1662.31,2821,FALSE
B,5772.79,3515,FALSE
A,1386.58,2301,FALSE
A,1923.92,2283,FALSE
A,1619.73,2809,FALSE
C,1306.81,2320,FALSE
B,1728.17,3769,FALSE
B,1321.64,555,FALSE
A,1824.4,2619,FALSE
B,1474.34,1566,FALSE
A,1179.16,2561,FALSE
A,2569.28,2571,FALSE
B,1321.98,1802,FALSE
C,2048.41,3423,FALSE
A,1896.8,1613,FALSE
A,1126.68,1520,FALSE
A,1124.55,1502,FALSE
A,1223.54,381,FALSE
B,974.43,1136,FALSE
B,1248.69,1497,FALSE
A,1547.06,1751,FALSE
C,2295.55,3761,FALSE
A,3035.64,2141,FALSE
A,1777.22,2916,FALSE
B,854.82,563,FALSE
A,1791.05,3658,FALSE
A,5510.21,2227,FALSE
B,3627.52,1103,FALSE
A,2278.85,3059,FALSE
C,1431.24,822,FALSE
B,3346.17,2649,FALSE
A,1945.44,3413,FALSE
C,4714.57,310,FALSE
C,1455.32,1584,FALSE
B,1286.09,3070,FALSE
A,923.63,285,FALSE
A,1559.51,2462,FALSE
B,1550.72,3853,FALSE
A,1874.42,3890,FALSE
C,2077.7,2839,FALSE
A,1657.64,2601,FALSE
C,1650.62,1432,FALSE
B,1373.27,1551,FALSE
B,971.78,936,FALSE
B,4881.75,951,FALSE
A,4340.15,3743,FALSE
B,1919.25,3852,FALSE
C,1512.33,2433,TRUE
C,1147.23,323,FALSE
C,1131.94,502,FALSE
B,1629.29,3606,FALSE
B,1181.88,645,FALSE
B,4603.4,1706,FALSE
B,1380.65,1437,FALSE
B,1856,3944,FALSE
A,1572.6,3497,FALSE
C,1086.31,1066,FALSE
B,3722.38,570,FALSE
B,1864.82,3715,FALSE
A,6054.69,2240,FALSE
A,6626.12,3290,FALSE
A,4006.91,2276,TRUE
C,2302.46,3956,FALSE
B,8195.47,2451,FALSE
A,1092.93,1012,FALSE
A,1313.9,545,FALSE
A,3789.13,642,FALSE
A,5156.41,1497,FALSE
C,1301.06,536,FALSE
B,1447.16,2138,FALSE
A,1491.63,3480,FALSE
C,1709.75,1513,FALSE
C,1329.42,993,FALSE
A,5480.04,2924,FALSE
A,1350.17,2007,FALSE
B,5233.41,2697,FALSE
C,1582.35,2471,FALSE
B,1418.25,1906,FALSE
A,1290.62,547,FALSE
B,1462.7,2582,FALSE
A,1523.93,2294,FALSE
C,1465.93,1892,FALSE
A,1535.86,2445,FALSE
B,1151.88,698,FALSE
B,1175.6,512,FALSE
B,1720.35,3115,FALSE
A,1924.67,2991,FALSE
B,1108.11,1351,FALSE
B,1421.96,2373,FALSE
B,1496.75,2239,FALSE
A,1654.42,2434,FALSE
A,1664.09,3269,FALSE
B,1377.82,2968,FALSE
A,1696.35,3627,FALSE
C,3861.79,969,FALSE
B,1666.69,2965,FALSE
A,7596.7,2729,FALSE
A,1669.75,1737,FALSE
B,5401.96,602,FALSE
B,1519.66,3448,FALSE
C,860.77,285,FALSE
B,5999.09,1795,FALSE
A,702.34,480,FALSE
B,1579.2,2146,FALSE
A,5803.09,2321,FALSE
A,1483.32,2948,FALSE
C,2451.73,3192,FALSE
A,1789.89,3166,FALSE
A,7688.3,3074,FALSE
B,1784.87,2833,FALSE
A,1237.36,2178,FALSE
C,5613.78,3334,FALSE
A,1058.74,484,FALSE
B,1527.17,3386,FALSE
B,1169.04,1678,FALSE
B,1653.55,3807,FALSE
B,1109.76,2065,FALSE
B,1422.36,1857,FALSE
B,1709.86,798,FALSE
B,1255.72,1552,FALSE
B,1887.83,3606,FALSE
B,1185.5,1748,FALSE
C,1937.17,3892,FALSE
B,1240.5,2421,FALSE
A,5227.21,2908,FALSE
A,1302.3,1622,FALSE
A,1283.84,1527,FALSE
B,1629.03,3509,FALSE
B,897.08,266,FALSE
B,1888.57,3354,FALSE
B,1629.43,869,FALSE
B,1348.08,2636,FALSE
A,1060.76,738,FALSE
A,1283.82,2529,FALSE
A,1058.91,1143,FALSE
C,1245.27,398,FALSE
B,1672.52,2985,FALSE
A,852.36,1653,FALSE
C,1240.85,1284,FALSE
A,1280.35,1436,FALSE
A,1948.35,3054,FALSE
B,999.76,721,FALSE
B,1688.22,3310,FALSE
A,3685.58,1965,FALSE
A,1416.88,3588,FALSE
B,1438.61,1388,FALSE
A,1323.22,680,FALSE
B,4867.29,3083,FALSE
C,1732.21,510,FALSE
A,1606.39,1793,TRUE
A,1223.78,1000,FALSE
C,2611.1,2413,FALSE
C,1347.17,1418,FALSE
A,1270.98,1501,FALSE
A,3735.72,1871,FALSE
B,1762.49,3584,FALSE
B,1403.85,2716,FALSE
C,1787.86,1983,FALSE
C,1260.19,692,FALSE
A,1249.52,731,FALSE
A,1020.5,1609,FALSE
A,905.74,559,FALSE
A,1464.76,2811,FALSE
B,1257.03,376,FALSE
C,3654.38,3336,FALSE
A,1340.18,3163,FALSE
B,2871.52,386,FALSE
B,1777.17,3891,FALSE
A,1289.08,547,FALSE
B,1172.13,964,FALSE
C,1722.43,453,FALSE
C,1165.02,360,TRUE
C,1897.65,2825,FALSE
A,1523.13,2666,FALSE
C,1654.73,1606,FALSE
B,1407.43,1695,FALSE
B,2805.4,3771,FALSE
B,1621.22,2330,FALSE
A,1153.64,1055,FALSE
A,7075.36,3538,FALSE
B,1337.41,1448,FALSE
A,1770.94,3886,FALSE
A,1150.03,1383,FALSE
B,1583.02,1184,FALSE
B,2001.2,3793,FALSE
A,1476,2751,FALSE
A,1239.95,1766,FALSE
A,1489.73,1454,FALSE
C,2085.88,3000,FALSE
C,3606.33,1697,FALSE
B,1876.26,3707,FALSE
A,1388.55,982,FALSE
A,1285.69,1589,FALSE
C,1973.55,2238,FALSE
B,1833.63,3660,TRUE
A,1130.68,3111,FALSE
A,1457.5,349,FALSE
A,924.22,528,FALSE
A,1761.37,3808,FALSE
B,806.7,488,FALSE
B,1406.43,1986,FALSE
A,1352.85,2829,FALSE
A,1449.24,3014,FALSE
A,1109.08,368,FALSE
B,1159.93,2114,FALSE
C,1363.37,2570,FALSE
C,1861.98,2396,FALSE
C,5651.17,3306,FALSE
A,1248.62,1321,FALSE
A,1311.43,1492,FALSE
A,1328.37,1056,FALSE
C,1297.76,1870,FALSE
C,1863.48,1388,FALSE
A,1221.01,1489,FALSE
B,2905.15,1987,FALSE
A,1724.42,3431,FALSE
C,1690.43,2335,FALSE
B,1318.4,2481,FALSE
C,1718.33,3371,FALSE
B,1235.75,1433,FALSE
A,1632.42,2223,FALSE
A,1268.99,2805,FALSE
B,1781.37,3292,FALSE
A,1541.61,3869,FALSE
B,1930.87,3374,FALSE
C,1583.43,935,FALSE
C,1752.45,3322,FALSE
C,1421.73,2024,FALSE
B,1543.2,2787,FALSE
A,1285.82,1230,FALSE
C,3243.66,1346,FALSE
C,1828.3,2432,FALSE
C,1486.81,1328,FALSE
A,1637.27,2978,FALSE
B,1438.72,1615,FALSE
B,1295.24,806,FALSE
A,1405.93,2963,FALSE
A,5694.31,2260,FALSE
A,1550.47,1952,FALSE
B,3532.29,2734,FALSE
C,1750.54,2479,FALSE
A,1397.1,3291,FALSE
B,1745.28,1122,FALSE
C,1438.3,2807,FALSE
B,1976.6,2560,FALSE
A,1349.25,1168,FALSE
A,4075.28,2899,FALSE
B,1303.75,2438,FALSE
C,1644,2920,FALSE
C,2047.25,3337,FALSE
A,1664.22,2847,FALSE
C,2094.6,2002,FALSE
C,1855.32,2994,FALSE
A,1685.19,2112,FALSE
A,1667.75,3154,FALSE
B,1705.92,3157,FALSE
A,1121.57,298,FALSE
A,2027.72,2745,TRUE
A,1654.94,2099,FALSE
C,1496.67,2360,FALSE
B,1234.75,1257,FALSE
C,1536.27,3247,FALSE
C,1644.36,1154,FALSE
C,2844.35,650,FALSE
B,1377.05,1481,FALSE
B,1377.66,1362,FALSE
A,1135.73,1947,FALSE
A,4119.85,3501,FALSE
B,936.91,449,FALSE
A,1244.18,426,FALSE
A,1511.51,1580,FALSE
A,1861.49,3439,FALSE
B,1449.66,1226,FALSE
B,1551.62,1902,FALSE
B,1613.28,977,FALSE
B,1531.47,1383,FALSE
B,1435.87,2385,FALSE
B,1524.7,626,FALSE
B,2030.56,3812,FALSE
B,1683.89,3135,FALSE
A,1031.34,932,FALSE
B,6252.29,3030,FALSE
B,6054.97,3868,FALSE
B,1811.17,2087,FALSE
A,1704.53,2344,FALSE
B,1528.95,3682,FALSE
C,1084.55,469,FALSE
C,1363.97,2335,FALSE
C,2147.19,2496,FALSE
A,1471.87,2534,FALSE
B,906.92,1760,FALSE
B,1481.9,1387,FALSE
C,1688.12,3416,FALSE
A,1485.95,1357,FALSE
C,3105.92,3773,FALSE
C,1531.51,1021,FALSE
B,1134.23,872,FALSE
B,1683.5,3144,FALSE
B,1225.74,1976,FALSE
B,1148.25,1438,FALSE
C,1643.29,3317,FALSE
B,1791.82,3174,FALSE
A,1391.44,872,FALSE
B,1156.32,1791,FALSE
B,1061.71,1183,FALSE
B,1335.45,894,FALSE
C,3019.09,2837,FALSE
A,2096.62,3176,TRUE
B,1736.18,3093,FALSE
A,1381.75,2698,FALSE
B,1482.28,3206,FALSE
C,1187.03,2580,FALSE
B,1705.99,1649,FALSE
A,715.37,523,FALSE
C,5647.74,1995,FALSE
A,1052.17,1810,FALSE
B,4272.55,1256,FALSE
C,1588.69,2872,FALSE
C,1710.67,3430,FALSE
A,2124.26,3812,FALSE
B,2177.78,1205,FALSE
B,1270.97,2188,FALSE
A,1252.75,1026,FALSE
B,6742.6,3334,FALSE
A,1755.93,2504,FALSE
A,1459.33,1020,FALSE
C,1743.11,2904,TRUE
A,1566.3,1665,FALSE
A,1335.77,1778,FALSE
C,1421.56,2495,FALSE
B,1529.15,1813,FALSE
A,1206.88,326,FALSE
C,1742.16,1953,FALSE
B,1184.15,1871,FALSE
B,1538.69,3560,FALSE
B,1277.83,1716,FALSE
B,1329.43,1214,FALSE
B,1702.18,2450,FALSE
C,1144.04,338,FALSE
A,2020.17,3611,TRUE
B,1629.97,3766,FALSE
A,1595.62,1900,FALSE
C,1284,1117,FALSE
C,1836.35,3759,FALSE
C,1805.05,1538,FALSE
B,2014.77,2961,FALSE
B,2268.04,3033,FALSE
B,1245.94,308,FALSE
B,3655.66,1510,FALSE
A,1310.69,2282,FALSE
C,1960.39,3129,FALSE
B,1717.2,3459,FALSE
B,1832.19,3324,FALSE
B,1570.41,2450,FALSE
A,1211.74,1817,FALSE
A,1680.66,2448,FALSE
B,1152.55,2099,FALSE
B,1785.36,3476,FALSE
A,1526.69,3778,FALSE
A,896.13,873,FALSE
B,1523.01,2788,FALSE
B,1335.93,987,FALSE
C,1137.39,518,FALSE
C,1866.14,3989,FALSE
C,1772.12,2701,FALSE
B,2978.28,2397,FALSE
A,1439.8,1308,FALSE
B,1171.29,783,FALSE
C,4569.18,3044,TRUE
B,1350.78,1727,FALSE
A,1381.11,649,FALSE
B,1462.42,1529,FALSE
A,1627.77,1933,FALSE
A,2992.67,1371,FALSE
B,4641.86,3351,FALSE
B,1896.45,390,FALSE
B,969.69,1321,FALSE
B,1466.71,1918,FALSE
C,1933.89,3973,FALSE
C,3226.85,3233,FALSE
A,1665.54,2748,FALSE
B,1645.49,2299,FALSE
B,1467.95,3743,FALSE
A,1275.25,1237,FALSE
A,1673.27,3276,FALSE
A,4242.38,3219,FALSE
C,1254.29,1284,FALSE
A,1461.65,2145,FALSE
B,1081.15,968,FALSE
A,1922.45,3953,FALSE
C,1805.21,1820,FALSE
C,3517.41,1349,FALSE
A,1512.38,2500,FALSE
B,1940.57,3236,FALSE
C,1767.26,2196,FALSE
B,1717.61,2320,FALSE
A,1653.7,2812,FALSE
C,5171.28,2719,FALSE
A,5021.98,2252,FALSE
A,1318.55,1627,FALSE
B,1154.09,358,FALSE
B,1313.09,976,FALSE
B,2045.6,3215,FALSE
A,4347.36,1482,FALSE
A,1341.99,1156,FALSE
B,1779.46,3616,FALSE
B,1051.96,1067,FALSE
B,1062.63,1694,FALSE
A,647.97,615,FALSE
C,1714.86,2673,TRUE
A,7586.39,3931,FALSE
A,1313.64,1069,FALSE
B,1151.99,348,FALSE
C,1531.24,1444,FALSE
A,2242.23,3681,TRUE
B,1627.53,3988,FALSE
B,1223.71,1599,FALSE
A,5762.48,3837,FALSE
B,7873.38,1572,FALSE
A,3490.74,330,FALSE
B,1217.99,1123,TRUE
B,1038.47,735,FALSE
A,1722.28,2063,FALSE
C,4046.9,2228,TRUE
C,1631.1,2597,FALSE
C,4358.9,1816,FALSE
C,1887.03,3421,FALSE
B,1718.46,2777,FALSE
A,1857.9,3407,FALSE
B,2846.11,1499,FALSE
C,1490.68,1925,FALSE
B,1743.84,1935,FALSE
B,1731.74,3614,FALSE
B,1722.63,1703,TRUE
C,3962.39,2622,FALSE
B,1537.84,891,FALSE
A,1372.75,564,FALSE
A,1405.39,642,FALSE
B,1355.73,1443,FALSE
B,1538.53,2746,FALSE
A,1234.05,2844,FALSE
A,1629.32,3710,FALSE
B,1757.51,3759,FALSE
A,6715.47,3074,FALSE
C,1342.97,1878,FALSE
A,2356.47,2906,FALSE
B,1448.44,1978,TRUE
B,1311.18,792,FALSE
A,2096.4,3374,FALSE
A,4251.12,2674,FALSE
C,1788.72,2924,FALSE
C,1721.75,2069,FALSE
A,1928.59,3531,FALSE
A,1609.05,3907,FALSE
A,1889.61,3197,FALSE
A,3880.4,989,FALSE
C,1544.73,896,FALSE
B,1238.93,933,FALSE
A,2198.18,3518,FALSE
B,5870.8,3846,FALSE
B,1058.01,582,FALSE
A,1001.83,604,FALSE
B,1432.67,1672,FALSE
A,5144.9,606,FALSE
B,4125,2819,FALSE
C,7350.72,3495,FALSE
A,1421.58,916,FALSE
B,1951.11,3668,FALSE
C,1591.26,1686,FALSE
A,1360.21,3051,FALSE
B,1408.99,3242,FALSE
B,1375.32,1172,FALSE
B,1738.86,3546,FALSE
A,1183.96,1632,FALSE
A,1392.95,1826,FALSE
A,1657.01,3440,FALSE
C,1592.24,2496,FALSE
B,1363.93,2214,FALSE
B,1175.52,1874,FALSE
C,1699.1,2517,FALSE
B,1487.83,2952,FALSE
C,1952.78,3847,FALSE
A,3306.29,369,FALSE
B,7975.66,2948,FALSE
A,4764.4,3065,FALSE
A,0,3325,FALSE
C,2421.6,3968,FALSE
B,1845.68,3108,FALSE
A,4830.08,3750,FALSE
B,1491.2,2687,FALSE
A,1420,1620,FALSE
C,2266.78,3069,FALSE
A,1723.22,3564,FALSE
B,1353.95,2253,FALSE
C,2185.21,3492,FALSE
A,1471.55,2019,FALSE
B,1739.61,2829,FALSE
B,3017.46,1828,FALSE
B,1528.37,2278,FALSE
A,1704.53,2917,FALSE
B,1263.81,1821,FALSE
B,1515.85,1824,FALSE
C,5260.97,545,FALSE
B,1258.72,273,FALSE
B,1782.51,3796,FALSE
A,3991.13,732,FALSE
A,958.28,1904,FALSE
B,1858.82,3702,FALSE
C,6171.78,897,FALSE
A,1584.64,2422,FALSE
C,1252.65,3438,FALSE
B,1556.9,2993,FALSE
B,1806.7,3475,FALSE
A,1698.32,3343,FALSE
A,1460.17,2817,FALSE
B,5497.37,2982,FALSE
B,2059.18,2325,FALSE
B,1267.37,929,FALSE
B,1035.6,743,FALSE
A,2116.67,3799,FALSE
B,1736.01,3955,FALSE
A,5985.43,1894,FALSE
B,1381.65,1806,FALSE
A,4944.02,335,FALSE
A,1379.81,2041,FALSE
B,1686.79,3365,FALSE
B,1028.71,1081,FALSE
A,2001.64,3958,FALSE
C,1658.95,3011,FALSE
B,1266.95,1924,FALSE
A,3753.46,2607,FALSE
B,2743.29,2774,FALSE
A,2577.46,714,FALSE
A,1448.33,1298,FALSE
A,1362.17,1531,FALSE
A,2125.44,3184,FALSE
A,1754.22,3012,FALSE
A,1093.81,1747,FALSE
B,1816.69,3511,FALSE
B,2762.27,3464,FALSE
A,4893.16,1496,TRUE
A,1094.31,1658,FALSE
A,1617.12,2599,FALSE
A,1032.59,432,FALSE
B,1357.42,1689,FALSE
B,1730.69,2167,FALSE
A,1346.86,1506,FALSE
A,3426.7,2160,FALSE
B,1797.11,3406,FALSE
A,1535.89,2123,FALSE
A,3545.98,2074,FALSE
A,1058.4,858,FALSE
B,1336.15,1711,FALSE
B,1086.37,863,FALSE
B,1293.28,2414,FALSE
A,1732.86,2644,FALSE
C,1424.78,3418,FALSE
B,1191.09,1407,FALSE
A,1314.44,532,FALSE
B,4190.51,709,FALSE
A,8202.24,3444,FALSE
A,1529.39,3045,FALSE
B,1662.38,3502,FALSE
A,1551.08,3817,FALSE
A,1386.82,2257,FALSE
A,1382.55,2704,FALSE
A,1258.58,682,FALSE
A,1362.78,901,FALSE
A,1095.73,2323,FALSE
B,1736.94,2246,FALSE
B,953.38,292,FALSE
B,1148.79,818,FALSE
A,1170.37,2158,FALSE
A,1213.22,669,FALSE
B,6847.97,773,FALSE
B,934.04,967,FALSE
C,1606.78,2572,FALSE
A,1862.67,2032,FALSE
A,1197.98,708,FALSE
B,1998.08,3192,FALSE
B,1200.35,2232,FALSE
A,4576.05,555,FALSE
B,1443.37,3442,FALSE
B,1475.55,2125,FALSE
B,1663.58,3614,FALSE
B,5157.44,3566,TRUE
A,1501.08,3211,FALSE
C,1714.68,1278,FALSE
A,2557.22,1141,FALSE
C,1479.24,991,FALSE
B,2068.94,3749,FALSE
C,2141.27,2273,FALSE
B,1579.57,1666,FALSE
C,1692.38,1299,FALSE
C,1897.66,3835,FALSE
A,3839.24,1989,FALSE
B,2080.59,3367,FALSE
C,6125.21,1032,FALSE
C,4789.44,2191,FALSE
A,1291.85,1614,FALSE
B,1431.42,1932,FALSE
C,1019.75,483,FALSE
B,1097.51,484,FALSE
B,1696.08,2766,FALSE
C,5895.29,3693,TRUE
B,1409.32,2340,FALSE
A,1117.9,1920,FALSE
C,1500.13,1056,FALSE
B,1156.02,764,FALSE
B,1409.83,3440,FALSE
B,1696.58,2070,FALSE
B,5581.22,1290,TRUE
B,915.35,428,FALSE
A,4300.89,3486,FALSE
A,1628.61,1334,FALSE
B,4583.8,3411,FALSE
B,1164.9,1900,FALSE
C,2744.49,2347,FALSE
A,1353.81,2326,FALSE
B,1685.08,1950,FALSE
B,1275.06,440,FALSE
A,1331.52,1072,FALSE
A,870.86,476,FALSE
C,1629.47,1490,FALSE
A,1452.93,2858,FALSE
C,1984.05,1225,TRUE
A,1416.77,2457,FALSE
A,3467.7,1155,FALSE
C,2069.89,2070,FALSE
A,1468.28,2279,FALSE
B,1981.46,3076,FALSE
B,1412.24,1833,FALSE
B,1548.16,2268,FALSE
A,1161.6,2049,FALSE
C,1905.38,1752,FALSE
B,1319.05,1042,FALSE
C,1843.95,1703,FALSE
C,5191.86,3179,FALSE
C,1506.48,597,FALSE
B,1173.93,1002,FALSE
B,1595.62,2061,FALSE
C,2688.67,1996,FALSE
A,1331.63,1118,FALSE
C,1942.57,2536,FALSE
A,1748.83,1980,FALSE
B,1479.87,2442,FALSE
A,5005.62,1618,FALSE
C,1397.61,1704,FALSE
A,834.84,385,TRUE
C,3772.12,526,FALSE
B,7495.32,2136,FALSE
A,1681.47,2831,FALSE
B,1622.41,2926,FALSE
B,1571.89,3366,FALSE
A,1277.88,1753,FALSE
A,3067.63,3212,FALSE
B,3481.4,1327,FALSE
B,1812.77,3196,FALSE
B,6442.19,1888,FALSE
C,1547.35,2025,FALSE
B,1777.01,3374,FALSE
A,4492.32,3735,FALSE
B,1417.31,2217,FALSE
A,1436.57,1068,TRUE
A,972.33,1503,FALSE
A,1731.46,2997,FALSE
B,1522.9,1793,FALSE
B,1457.26,2621,FALSE
A,1690.85,2955,FALSE
A,1054.22,1951,FALSE
C,3485.98,3862,FALSE
B,1709.07,2717,FALSE
B,3448.28,2590,FALSE
B,1062.51,2195,FALSE
B,5332.26,633,FALSE
B,1576.33,2515,FALSE
A,1843.52,3613,FALSE
A,1246.64,1127,FALSE
C,1626.03,3357,FALSE
B,1305.96,1988,FALSE
C,7681.36,1009,FALSE
A,1534.67,1180,FALSE
B,1497.83,1540,FALSE
B,1115.22,1170,FALSE
A,1485.59,1216,TRUE
A,1481.18,1961,TRUE
A,1356.75,1509,FALSE
C,1906.98,3820,FALSE
C,1277.89,2883,FALSE
C,4727.12,2485,FALSE
C,972.57,380,FALSE
A,1597.74,2780,FALSE
C,1591.09,1368,FALSE
A,1241.45,3684,FALSE
A,2595.54,3028,FALSE
B,1742.99,3358,FALSE
B,1592.97,3606,FALSE
A,1827.39,3043,FALSE
B,4449.55,2605,FALSE
A,1210.92,1635,FALSE
B,3131.69,1296,FALSE
A,1731.68,2924,FALSE
C,1400.47,438,FALSE
A,1210.97,823,FALSE
A,1321.43,886,FALSE
A,1073.8,688,FALSE
A,805.93,501,FALSE
A,1123.36,1053,FALSE
C,1976.32,1944,FALSE
B,1620.71,2178,FALSE
B,1219,514,FALSE
C,1440.29,1951,FALSE
B,3599.62,3694,FALSE
A,1065.23,1403,FALSE
C,1627.65,2775,FALSE
A,1292.4,804,FALSE
A,1341.04,2451,FALSE
B,1146.9,562,FALSE
A,867.31,727,FALSE
C,2165.92,3358,FALSE
C,1871.57,1684,FALSE
B,4527.9,3497,FALSE
B,1205.58,1787,FALSE
B,1133.29,487,FALSE
A,1395.74,2005,FALSE
C,1356.2,519,FALSE
A,1316.28,2901,FALSE
B,1194.35,693,FALSE
C,1605.26,3628,FALSE
B,5840.03,2221,FALSE
A,1874.27,3813,FALSE
B,1048.2,574,FALSE
C,1794.73,2712,FALSE
B,1055.56,1318,FALSE
B,1267.76,898,FALSE
A,1369.13,1779,FALSE
C,7326.5,2141,FALSE
A,1663.21,1231,FALSE
B,1587.54,2754,FALSE
C,1846.97,2124,FALSE
A,1195.83,1369,FALSE
A,4230.79,3424,FALSE
B,1495.68,3689,FALSE
C,1783.63,1595,FALSE
B,1713.56,3122,FALSE
B,1607.94,3975,FALSE
B,1534.32,1638,FALSE
B,1420.04,1454,FALSE
A,1073.57,2456,FALSE
B,781.3,634,FALSE
C,8739.59,419,FALSE
A,6344.59,2158,FALSE
A,886.98,1014,FALSE
A,1386.67,2605,FALSE
C,1832.43,1792,FALSE
B,1640.53,3015,FALSE
B,1200.85,1105,FALSE
A,1150.03,425,FALSE
B,1549.24,901,FALSE
B,1517.27,2979,FALSE
A,1360.27,1498,FALSE
B,3849.26,2310,FALSE
B,1019.19,356,FALSE
C,2733.86,3087,FALSE
A,1499.34,1127,FALSE
A,1819.71,3636,FALSE
B,1609.2,2759,FALSE
A,1376.7,1105,FALSE
B,1122.11,1944,FALSE
B,1625.75,1435,FALSE
B,988.47,1469,FALSE
A,1636.88,3909,FALSE
B,4895.23,2577,FALSE
B,1648.84,2426,FALSE
A,1295.99,1379,FALSE
B,1775.59,3694,FALSE
A,1891.43,1954,FALSE
B,1337.17,2687,FALSE
B,984.13,265,FALSE
B,5252.25,2432,FALSE
B,1937.01,2963,FALSE
A,1839.5,3856,FALSE
B,1306.01,1858,FALSE
A,3383.59,1681,FALSE
B,1618.4,2624,FALSE
C,1832.49,2184,FALSE
A,6096.36,2421,FALSE
B,1266.56,3035,FALSE
C,2914.34,1112,FALSE
A,1614.78,3930,FALSE
C,1180.23,783,FALSE
B,1709.26,3280,FALSE
B,1244.68,1410,FALSE
B,1766.88,1406,FALSE
C,2031.48,3729,FALSE
B,1336.35,1065,FALSE
B,1909.21,3424,FALSE
B,5114.7,2794,FALSE
B,1570.71,531,FALSE
C,1693.75,633,TRUE
A,1335.99,637,FALSE
B,8507.25,2298,FALSE
B,1421.57,1700,FALSE
C,3482.98,2595,FALSE
B,1788.9,3890,FALSE
A,1351.97,1047,FALSE
B,1336.73,1441,FALSE
A,1769.06,2889,FALSE
A,1684.55,3468,FALSE
A,4382.04,3972,TRUE
C,1844.25,2953,FALSE
A,1066.69,479,FALSE
A,1517.32,1882,FALSE
B,1612.62,3166,FALSE
C,1768.11,2710,FALSE
A,1609.81,2134,FALSE
A,1761.25,3729,FALSE
B,1219,1054,FALSE
C,6477.98,2906,FALSE
C,1966.67,1953,FALSE
A,1477.44,1632,FALSE
B,3523.81,492,FALSE
A,989.95,1911,FALSE
A,1497.48,2866,FALSE
B,1953.93,2297,FALSE
B,1283.56,580,TRUE
A,5403.68,2451,FALSE
C,2066.04,3363,FALSE
A,1892.67,2412,FALSE
C,1325.25,1720,FALSE
C,1505.04,590,FALSE
A,4523.52,2676,FALSE
B,4788.2,728,FALSE
B,1544.54,2186,FALSE
A,1640.36,2416,TRUE
A,1037.16,324,FALSE
C,1573.47,1530,FALSE
B,1592.54,729,FALSE
A,1045.6,734,FALSE
A,681.41,410,FALSE
C,1461.04,3849,FALSE
B,856.05,714,FALSE
A,6620.17,700,FALSE
C,1442.98,1524,FALSE
C,1628.22,1119,FALSE
A,1141.69,1908,FALSE
A,1307.54,2349,FALSE
B,1638.83,2301,FALSE
C,1416.26,1841,FALSE
C,1853.7,2621,FALSE
B,5434.34,1654,FALSE
B,1098.29,2211,FALSE
B,1253.56,1836,FALSE
B,1238.07,2616,FALSE
A,1827.74,3670,FALSE
A,5123.35,2153,FALSE
A,4986.15,2603,FALSE
B,1538.3,3867,FALSE
B,1911.76,2183,FALSE
B,1864.65,3804,FALSE
B,1580.91,3249,FALSE
A,974.18,1194,FALSE
C,1849.84,2663,FALSE
A,1684.52,1804,FALSE
C,3611.76,1815,FALSE
A,1119.41,2334,FALSE
A,1853,3815,FALSE
B,1121.77,252,FALSE
C,1071.92,1656,FALSE
B,1202.34,359,FALSE
B,3207.93,3899,FALSE
C,1334.13,630,FALSE
C,1379.33,764,FALSE
B,1807.21,3691,FALSE
B,1146.07,2153,FALSE
A,992.73,689,FALSE
A,1727.47,2676,FALSE
B,541.79,283,FALSE
B,1822.52,3106,FALSE
B,3892.39,593,FALSE
A,1191.97,1800,FALSE
B,763.95,1259,FALSE
C,1684.6,3410,FALSE
B,1756,261,FALSE
A,1778.32,3598,FALSE
A,1409.55,351,FALSE
C,1451.38,2009,FALSE
A,1625.3,2333,FALSE
C,5621.76,777,FALSE
A,1678.57,2760,FALSE
B,1758.21,3395,FALSE
A,2587.6,1697,FALSE
B,1170.11,1613,FALSE
A,3804.09,3436,FALSE
C,1373.84,281,FALSE
A,1691.95,2472,FALSE
A,1668.33,3867,FALSE
B,1645.22,2763,FALSE
A,1498.77,2426,FALSE
B,1085.59,2631,FALSE
C,4704.18,1764,FALSE
B,1765.77,3666,FALSE
A,1594.43,2290,FALSE
B,1173.22,1141,FALSE
A,847.99,1026,FALSE
B,1228.37,2028,FALSE
A,1333.97,3599,FALSE
B,1037.3,1403,FALSE
B,2833.17,871,FALSE
B,1922.86,3561,FALSE
B,4232.14,3350,FALSE
A,4201.24,850,FALSE
B,5058.33,2768,FALSE
B,1814.26,3865,FALSE
A,4365.85,444,FALSE
A,1471.93,720,FALSE
B,4979.79,3340,FALSE
A,2874.85,3665,FALSE
A,1748.14,2131,TRUE
A,3071.76,404,FALSE
B,5429.61,2791,FALSE
C,1482.39,2039,FALSE
A,988.97,615,FALSE
A,1458.01,3718,FALSE
B,3175.88,1050,FALSE
A,1294.07,2808,FALSE
A,1447.51,1347,FALSE
C,1436.93,953,FALSE
A,1598.1,2510,FALSE
B,1272.25,1934,FALSE
C,1633.07,1155,FALSE
B,1732.77,3747,FALSE
B,1293.65,678,FALSE
A,7437.36,3433,FALSE
A,1606.71,3748,FALSE
A,1397.31,2041,FALSE
A,4793.25,1869,FALSE
C,1485.89,1915,FALSE
B,1520.51,1895,FALSE